Email,Fax,First Name,Last Name,Password,Telephone,_id,conform password
mudunuripadmavathi3@gmail.com,,mudunuri,padmavathi,padma123,9183212345,60cd038dc94be906eac3b7e2,
harikabotta381@gmail.com,,botta,harika,harika123,9424959312,60cd050cc94be906eac3b7e3,harika123
sharon@gmail.com,,sharon,junny,sharon123,9452432134,60cd05d2c94be906eac3b7e4,sharon123
syedqadir@gmail.com,,syed,Qadir,syed123,9132456324,60cd06a6c94be906eac3b7e5,syed123
ojas@gmail.com,,Ojas,J,ojas123,9543215672,60cd0760c94be906eac3b7e6,ojas123
karthik@gmail.com,,karthik,varma,karthik123,9716923452,60cd07f9c94be906eac3b7e7,karthik123
,,,,,,,
