_id,dicount,new rate,old rate,product details,product name,product quantity
60cef99063fc0baedc848414,5%,34.21,18.90,makeup face concealor,concealor,1
60cefab163fc0baedc848415,20%,15.12,18.90,makeup skin toner,Skin toner,1
60cefb0163fc0baedc848416,0%,18.90,18.90,the beauty of eyes,Eye shadow,1
60cefb5963fc0baedc848417,0%,18.90,18.90,clay soap,pink clay soap,1
60cefb9563fc0baedc848418,0%,18.90,18.90,soft touch to the lips,lip balm by nyka,1
60cf055263fc0baedc848419,0%,18.90,18.90,dark shade on your lips,lip stick,1
60cf059563fc0baedc84841a,0%,18.90,18.90,make up face powder,Compact natural powder,1
60cf05e863fc0baedc84841b,0%,18.90,18.90,easy remove for nail polish,Lakme nail polish remover,1
60cf065463fc0baedc84841c,0%,18.90,18.90,makeup brush by lakme,face pack brush,1
60cf8e44b591b2009146dbee,0%,18.90,18.90,Mascara for they eyes,Mascara,1
60cf8eafb591b2009146dbef,15%,10.12,11.90,make up kit of brushes,Compact face brushes,1
60cf8ee6b591b2009146dbf0,5%,34.90,35.90,avid the sunlight,Sunscreen,1
60cf8f6bb591b2009146dbf1,5%,34.90,35.90,the brown shade,Lipstick by zara,1
60cf8fa7b591b2009146dbf2,20%,15.12,18.90,the pinkish shade,Lipstick by victoria,1
60cf8fdeb591b2009146dbf3,0%,10.90,18.90,the smoothesh touch,Compact face brush,1