Discount,New Rate,Old Rate,Product Description,Product Name,Product Quantity,_id
-5%,34.21,18.9,The Lights which bright your Future.,Lights,1,60cde468eeb60fcf88f4d84a
-20%,15.12,18.9,Chase your Life with Time.,Smart Watch,1,60cec703651d17bbf5edb08c
0%,18.9,18.9,Keep watch easily on your surroundings.,CCTV,3,60cec810651d17bbf5edb08d
0%,18.9,18.9,Get a high with your Experience with Headphone.,Headphones,2,60cec968651d17bbf5edb08e
0%,18.9,18.9,Keeping your ears safe and music loud.,Bluetooth Earphones,2,60cec9ea651d17bbf5edb08f
0%,18.9,18.9,The phone you always desired.,Samsung S1,1,60ceca83651d17bbf5edb090
0%,18.9,18.9,Communicate the whole world,OPPO,4,60cecbc0651d17bbf5edb091
0%,29.9,29.9,A camera that puts a world of possibilities at your fingertips. ,Camera,3,60cecc44651d17bbf5edb092
-10%,21.51,23.9,Exceptional images deserve an exceptional presentation.,Polaroid Camera,4,60cecd33651d17bbf5edb093
0%,18.9,18.9,Make a statement without saying a word.,CCTV Camera,1,60cecdd3651d17bbf5edb094
-15%,10.12,11.9,"You have a second home, why not a second watch?",Smart Watch,1,60cece42651d17bbf5edb095
-5%,34.11,35.9,Bring your creativity to life.,CCTV Camera,1,60cecee8651d17bbf5edb096
-5%,34.11,18.9,Adorn your Life with games.,Video Game,5,60cecf6d651d17bbf5edb097
-20%,15.12,18.9,Security solutions for your work and home.,CCTV,2,60ced48a651d17bbf5edb09b
0%,18.9,18.9,Don’t just look at it. Book it.,Laptop,2,60ced505651d17bbf5edb09c
0%,18.9,18.9,Entertainment has a new definition.,TV,4,60ced571651d17bbf5edb09d