Discount,New Rate,Old Rate,Product Details,Product Name,Product Quanity,_id
-10%,21.51,23.51,high gloss lacquer,Armless Cushioned Chair,7,60ce042dadab9f7c77d5bbe6
0%,29.9,29.9,lights are IP44 Waterproof,Light Decot,10,60ce0655adab9f7c77d5bbe7
-5%,34.11,35.9,lights are IP44 Waterproof,Light Decor,20,60ce07a1adab9f7c77d5bbe8
-15%,10.12,11.9,QUALITY VERIFIED & WARRANTY PROTECTED,cushioned chair,7,60ce0a7dadab9f7c77d5bbe9
0%,11.9,11.9,SMART SEATING is into Manufacture,Heavy Cushioned chair XL,6,60ce0c4cadab9f7c77d5bbea
0%,18.9,18.9,Round wooden stool,stool,9,60ce0f2aadab9f7c77d5bbeb
-5%,34.11,35.9,QUALITY VERIFIED & WARRANTY,Bar Chair,5,60ce0fdfadab9f7c77d5bbec
0%,29.9,29.9,QUALITY VERIFIED,single leg chair,2,60ce10baadab9f7c77d5bbed
-5%,34.11,35.9,WARRANTY PROTECTED,cushioned chair,5,60ce11e0adab9f7c77d5bbee
0%,19.9,19.9,Chairs are a perfect blend,Armless metal Cahir,5,60ce12c8adab9f7c77d5bbef
-20%,15.11,18.9,the most sought product,Bar stool,3,60ce1446adab9f7c77d5bbf0
0%,18.9,18.9,Multi-Color Changing Lighting,Light Decor,4,60ce169fadab9f7c77d5bbf1