Discount,New Rate,Product Details,Product Detalis,Product Name,Product Quality,Rate,_id
-5,34.21,focuses on implantable hearing solutions,,Oticon,1,18.9,60cce02de7e42d1ca9691f39
-2,18.9,Hemp is increasingly popular as a remedy for a range of conditions including skin issues and stress,,Hemp Oil,2,12.05,60cce3a1e7e42d1ca9691f3a
-3,18.9, improve digestion and restore normal flora,,probiotic forte60,1,13.6,60cce52fe7e42d1ca9691f3b
0,18.9,good weight loss product,,Keto Advanced Weight Loss,1,18.9,60cce78de7e42d1ca9691f3c
-10,21.51,used to prevent the spread of respiratory infections,,Masks,2,23.9,60cce8e7e7e42d1ca9691f3d
-20,15.12,used in joint disorders,,Hyaluronic Acid,1,18.9,60ccea4be7e42d1ca9691f3f
0,18.9,reduce the risk of heart diseases,,Omega 3,3,18.9,60cceb96e7e42d1ca9691f40
0,18.9,helps blood flow,,Energy Tablet,2,18.9,60ccec50e7e42d1ca9691f41
0,29.9,is an instrument measures the temprature,,Thermometer,2,29.9,60cced36e7e42d1ca9691f42
0,18.9,improving athletic performance,,whey protein blend,1,18.9,60ccef39e7e42d1ca9691f43
-10,21.51,Never take more than the recommended dose,,Multi Vitamins and Minerals,1,23.9,60ccf08ae7e42d1ca9691f44
0,29.9,helps people with diabetes manage their blood sugar level,,Apple Ciber Vinegar,2,29.9,60ccf1b0e7e42d1ca9691f45
0,90.11, is a safety device that covers the nose and mouth and helps protect the wearer from breathing in some hazardous substances,,N95 MASKS,1,105.9,60ccf333e7e42d1ca9691f46
-15,10.12,side effects and safety,,Biotrients,1,11.9,60ccf439e7e42d1ca9691f47
-10,21.51,centuries for its medicinal properties and health benefits,,Pure Primium Moringa,1,23.9,60ccf738e7e42d1ca9691f48
0,29.9,,Botanical medicine comprises plants that are used to treat or prevent disease,Earthly Botanicals,2,29.9,60ccf8b6e7e42d1ca9691f49
-5,34.11,protects SKIN FROM POLLUTION & UV RAYS,,Anveya Vitamin C,1,35.9,60ccfa47e7e42d1ca9691f4a
-15,10.12,Spray around a room to change the energy in the space ,,Energy White Magic Spray,1,11.9,60ccfb21e7e42d1ca9691f4b