Product name,_id,disccount,discount,new rate,old rate,product details,product name,product quantity
,60cf4fb5f583d49bf3507a5b,,5%,34.21,18.90,Fresh handpicked fruits from the farm,Fresh Juicy Mango,30
,60cf5404f583d49bf3507a5c,0%,,18.90,18.90,Fresh handpicked strawberries,Fresh Strawberries,40
,60cf5599f583d49bf3507a5e,,20%,15.12,18.90,Freshly made mango juice,Mango Fruit Juice,500
,60cf5616f583d49bf3507a5f,,0%,18.90,18.90,Healthy almonds,California almonds,89
,60cf571af583d49bf3507a60,,5%,34.21,18.90,Fresh and tasty Juice,Pomgranate juice,55
,60cf57adf583d49bf3507a61,,5%,34.21,18.90,Tasty snacks,Punjabi Tadka,67
Thalpia fish fillet,60cf5817f583d49bf3507a62,,10%,21.51,23.90,Freshly sliced fish pieces,,33
,60cf587af583d49bf3507a63,,0%,29.90,29.90,Tasty chips,All time tasty rough cuts,34
,60cf6bccf583d49bf3507a64,,0%,29.90,29.90,Hand picked nagpur oranges,Farm picked oranges,344
,60cf6c5bf583d49bf3507a65,,0%,29.90,29.90,Fresh and juicy,Juicy tomatoes,567
,60cf6cd2f583d49bf3507a66,,0%,29.90,29.90,salted nuts,Mixed Nuts,788